id,author_id,slug,title,description,jhi_body,created_at,updated_at
1,1,"something_interesting_1","1 Something Interesting","A story about my day","Today the strangest thing happened","2016-03-05T05:00:00.000","2016-03-05T05:00:00.000"
2,1,"something_interesting_2","2 Something Interesting","A story about my day","Today the strangest thing happened","2016-03-05T05:00:00.000","2016-03-05T05:00:00.000"
3,1,"something_interesting_3","3 Something Interesting","A story about my day","Today the strangest thing happened","2016-03-05T05:00:00.000","2016-03-05T05:00:00.000"
4,1,"something_interesting_4","4 Something Interesting","A story about my day","Today the strangest thing happened","2016-03-05T05:00:00.000","2016-03-05T05:00:00.000"
5,1,"something_interesting_5","5 Something Interesting","A story about my day","Today the strangest thing happened","2016-03-05T05:00:00.000","2016-03-05T05:00:00.000"
6,1,"something_interesting_6","6 Something Interesting","A story about my day","Today the strangest thing happened","2016-03-05T05:00:00.000","2016-03-05T05:00:00.000"
7,1,"something_interesting_7","7 Something Interesting","A story about my day","Today the strangest thing happened","2016-03-05T05:00:00.000","2016-03-05T05:00:00.000"
8,1,"something_interesting_8","8 Something Interesting","A story about my day","Today the strangest thing happened","2016-03-05T05:00:00.000","2016-03-05T05:00:00.000"
9,1,"something_interesting_9","9 Something Interesting","A story about my day","Today the strangest thing happened","2016-03-05T05:00:00.000","2016-03-05T05:00:00.000"
10,1,"something_interesting_10","10 Something Interesting","A story about my day","Today the strangest thing happened","2016-03-05T05:00:00.000","2016-03-05T05:00:00.000"
11,1,"something_interesting_11","11 Something Interesting","A story about my day","Today the strangest thing happened","2016-03-05T05:00:00.000","2016-03-05T05:00:00.000"
12,1,"something_interesting_12","12 Something Interesting","A story about my day","Today the strangest thing happened","2016-03-05T05:00:00.000","2016-03-05T05:00:00.000"
13,1,"something_interesting_13","13 Something Interesting","A story about my day","Today the strangest thing happened","2016-03-05T05:00:00.000","2016-03-05T05:00:00.000"
14,1,"something_interesting_14","14 Something Interesting","A story about my day","Today the strangest thing happened","2016-03-05T05:00:00.000","2016-03-05T05:00:00.000"
15,1,"something_interesting_15","15 Something Interesting","A story about my day","Today the strangest thing happened","2016-03-05T05:00:00.000","2016-03-05T05:00:00.000"
16,1,"something_interesting_16","16 Something Interesting","A story about my day","Today the strangest thing happened","2016-03-05T05:00:00.000","2016-03-05T05:00:00.000"
17,1,"something_interesting_17","17 Something Interesting","A story about my day","Today the strangest thing happened","2016-03-05T05:00:00.000","2016-03-05T05:00:00.000"
18,1,"something_interesting_18","18 Something Interesting","A story about my day","Today the strangest thing happened","2016-03-05T05:00:00.000","2016-03-05T05:00:00.000"
